Workbook

Sheet Bill of Materials
A1: LIGHTNING McQUEEN — BILL OF MATERIALS
A2: Team CO Coders · Robo Rumble 2026 · Robo Grand Prix · Elimination Round submission
A3: All prices in South African Rand (ZAR)
A8: # | B8: Component | C8: Qty | D8: Cost per unit (ZAR) | E8: Line total (ZAR) | F8: Supplier | G8: Supplier stock code | H8: Direct link to buy | I8: Function / justification
A9: CONTROL & DRIVE ELECTRONICS
A10: 1 | B10: Arduino Uno R3 (ATmega328P, 16 MHz) | C10: 1 | D10: 250 | E10: =C10*D10 -> 250 | F10: Micro Robotics | G10: VERIFY | H10: https://www.robotics.org.za/ | I10: Control unit. 5 ADC channels + Timer1 PWM.
A11: 2 | B11: L298N dual H-bridge motor driver module | C11: 1 | D11: 85 | E11: =C11*D11 -> 85 | F11: Micro Robotics | G11: VERIFY | H11: https://www.robotics.org.za/ | I11: 2 A/channel. On-board 78M05 supplies the 5 V logic rail.
A12: 3 | B12: TT gear motor 1:48 with 65 mm wheel | C12: 2 | D12: 55 | E12: =C12*D12 -> 110 | F12: Micro Robotics | G12: VERIFY | H12: https://www.robotics.org.za/ | I12: Drive. ~170 rpm loaded on 9 V.
A13: 4 | B13: Ball castor, 20 mm | C13: 1 | D13: 35 | E13: =C13*D13 -> 35 | F13: Micro Robotics | G13: VERIFY | H13: https://www.robotics.org.za/ | I13: Tail support.
A14: SENSING
A15: 5 | B15: TCRT5000 5-channel reflective array module | C15: 1 | D15: 135 | E15: =C15*D15 -> 135 | F15: Micro Robotics | G15: TRCT5000-4C | H15: https://www.robotics.org.za/TRCT5000-4C | I15: Line sensing. 20 mm pitch, mounted at 12 mm ride height.
A16: 6 | B16: TCRT5000 single adjustable module (spare) | C16: 1 | D16: 32 | E16: =C16*D16 -> 32 | F16: Micro Robotics | G16: TCRT5000-ADJ | H16: https://www.robotics.org.za/TCRT5000-ADJ | I16: Spare / bench-test channel.
A17: POWER & SAFETY
A18: 7 | B18: 9 V PP3 alkaline battery | C18: 2 | D18: 45 | E18: =C18*D18 -> 90 | F18: Communica | G18: VERIFY | H18: https://www.communica.co.za/ | I18: 2 cells in series-parallel: 9 V, ~1.2 Ah.
A19: 8 | B19: 9 V PP3 battery holder with flying leads | C19: 2 | D19: 18 | E19: =C19*D19 -> 36 | F19: Communica | G19: VERIFY | H19: https://www.communica.co.za/ | I19: Hook-and-loop mounted for fast swaps between heats.
A20: 9 | B20: 22 mm latching mushroom E-Stop, NC contact | C20: 1 | D20: 145 | E20: =C20*D20 -> 145 | F20: Communica | G20: VERIFY | H20: https://www.communica.co.za/ | I20: MANDATORY - Universal Design Constraint 4. First device in the battery positive line.
A21: 10 | B21: SPST rocker switch, panel mount | C21: 1 | D21: 18 | E21: =C21*D21 -> 18 | F21: Communica | G21: VERIFY | H21: https://www.communica.co.za/ | I21: MANDATORY - Universal Design Constraint 3. Rear-left corner of the deck.
A22: 11 | B22: Resettable polyfuse, 2 A hold | C22: 1 | D22: 12 | E22: =C22*D22 -> 12 | F22: Communica | G22: VERIFY | H22: https://www.communica.co.za/ | I22: Overcurrent protection ahead of the E-Stop.
A23: INDICATION & PASSIVES
A24: 12 | B24: Momentary pushbutton (ARM) | C24: 1 | D24: 8 | E24: =C24*D24 -> 8 | F24: Communica | G24: VERIFY | H24: https://www.communica.co.za/ | I24: Pre-run arm button, INPUT_PULLUP.
A25: 13 | B25: 5 mm LED (power + status) | C25: 2 | D25: 3 | E25: =C25*D25 -> 6 | F25: Communica | G25: VERIFY | H25: https://www.communica.co.za/ | I25: D1 power-on, D2 state blink codes.
A26: 14 | B26: Resistor assortment (220 R, 1 k) | C26: 1 | D26: 25 | E26: =C26*D26 -> 25 | F26: Communica | G26: VERIFY | H26: https://www.communica.co.za/ | I26: LED current limiting.
A27: 15 | B27: Piezo buzzer, 5 V | C27: 1 | D27: 15 | E27: =C27*D27 -> 15 | F27: Communica | G27: VERIFY | H27: https://www.communica.co.za/ | I27: Audible arm, countdown and fault.
A28: 16 | B28: Electrolytic capacitor, 100 uF 16 V | C28: 1 | D28: 4 | E28: =C28*D28 -> 4 | F28: Communica | G28: VERIFY | H28: https://www.communica.co.za/ | I28: 5 V rail bulk decoupling.
A29: INTERCONNECT
A30: 17 | B30: 830-point solderless breadboard | C30: 1 | D30: 75 | E30: =C30*D30 -> 75 | F30: Micro Robotics | G30: VERIFY | H30: https://www.robotics.org.za/ | I30: Main interconnect, deck centreline.
A31: 18 | B31: Jumper wire set (M-M / M-F, 120 pcs) | C31: 1 | D31: 95 | E31: =C31*D31 -> 95 | F31: Micro Robotics | G31: VERIFY | H31: https://www.robotics.org.za/ | I31: Wiring loom.
A32: 19 | B32: Heat-shrink assortment and solder | C32: 1 | D32: 60 | E32: =C32*D32 -> 60 | F32: Communica | G32: VERIFY | H32: https://www.communica.co.za/ | I32: Loom termination.
A33: CHASSIS & HARDWARE
A34: 20 | B34: Cast acrylic sheet 3 mm, 300 x 200 mm, laser cut to DXF | C34: 1 | D34: 180 | E34: =C34*D34 -> 180 | F34: Local laser-cutting service | G34: VERIFY | H34: local supply — see note | I34: Deck plate. Cut from Folder B/Mechanical Design/CAD/deck_plate_laser_cut.dxf
A35: 21 | B35: M3 nylon standoff kit (8 mm and 30 mm) | C35: 1 | D35: 120 | E35: =C35*D35 -> 120 | F35: Communica | G35: VERIFY | H35: https://www.communica.co.za/ | I35: Nylon, not steel - steel standoffs beside the IR emitters reflect.
A36: 22 | B36: M3 bolts and nyloc nuts assortment | C36: 1 | D36: 85 | E36: =C36*D36 -> 85 | F36: Communica | G36: VERIFY | H36: https://www.communica.co.za/ | I36: Every joint bolted, none glued.
A37: 23 | B37: Hook-and-loop strap, 25 mm | C37: 1 | D37: 25 | E37: =C37*D37 -> 25 | F37: Local hardware | G37: VERIFY | H37: local supply — see note | I37: Battery pack retention - 10 second swap.
A38: 24 | B38: PLA filament for the E-Stop mast (est. 40 g) | C38: 1 | D38: 30 | E38: =C38*D38 -> 30 | F38: Micro Robotics | G38: VERIFY | H38: https://www.robotics.org.za/ | I38: 3D printed, 30 mm dia x 48 mm, 4 perimeters, 40% infill.
B40: Subtotal — components | E40: =SUM(E10:E38) -> 1676
B41: Contingency — spares and breakage (10%) | D41: 0.1 | E41: =E40*D41 -> 167.6 | I41: One spare sensor array and one spare TT motor cover the two parts most likely to be damaged in testing.
B42: TOTAL COST OF IMPLEMENTATION | E42: =E40+E41 -> 1843.6 | F42: ◄ TOTAL, IN RED AS REQUIRED
B44: Unit count | E44: =SUM(C10:C38) -> 28
B45: Line items | E45: =COUNT(E10:E38) -> 24

Sheet Cost by category
A1: COST BY CATEGORY
A2: Derived from the Bill of Materials sheet — no numbers are typed here.
A4: Category | B4: Cost (ZAR) | C4: Share of total | D4: Note
A5: Control & drive electronics | B5: =SUM('Bill of Materials'!E10:E13) -> 480 | C5: =IF('Bill of Materials'!$E$40=0,0,B5/'Bill of Materials'!$E$40) -> 0.28639618 | D5: The Uno and L298N are the two parts a judge will ask about; both were chosen for availability over outright performance.
A6: Sensing | B6: =SUM('Bill of Materials'!E15:E16) -> 167 | C6: =IF('Bill of Materials'!$E$40=0,0,B6/'Bill of Materials'!$E$40) -> 0.099642005 | D6: Five analog channels rather than three digital ones — the single most consequential electronic decision on the car.
A7: Power & safety | B7: =SUM('Bill of Materials'!E18:E22) -> 301 | C7: =IF('Bill of Materials'!$E$40=0,0,B7/'Bill of Materials'!$E$40) -> 0.17959427 | D7: Includes both mandatory safety devices. The E-Stop is the most expensive single item and is not negotiable.
A8: Indication & passives | B8: =SUM('Bill of Materials'!E24:E28) -> 58 | C8: =IF('Bill of Materials'!$E$40=0,0,B8/'Bill of Materials'!$E$40) -> 0.034606205 | D8: Cheap, and what lets a marshal read the car's state from the side of the track.
A9: Interconnect | B9: =SUM('Bill of Materials'!E30:E32) -> 230 | C9: =IF('Bill of Materials'!$E$40=0,0,B9/'Bill of Materials'!$E$40) -> 0.1372315 | D9: The 830-point breadboard our concept committed to, plus the loom.
A10: Chassis & hardware | B10: =SUM('Bill of Materials'!E34:E38) -> 440 | C10: =IF('Bill of Materials'!$E$40=0,0,B10/'Bill of Materials'!$E$40) -> 0.26252983 | D10: Laser cutting is the largest line here and buys dimensional accuracy we cannot get by hand.
A11: Subtotal — components | B11: =SUM(B5:B10) -> 1676 | C11: =SUM(C5:C10) -> 1
A12: Contingency (10%) | B12: ='Bill of Materials'!E41 -> 167.6
A13: TOTAL COST OF IMPLEMENTATION | B13: ='Bill of Materials'!E42 -> 1843.6
A16: COMPETITION COMPLIANCE
A17: Footprint | B17: 300 × 211 × 107 mm against a 500 × 500 mm limit
A18: Mass | B18: 0.86 kg against a 5 kg limit (17% of the allowance)
A19: ON/OFF switch | B19: SW2, SPST rocker — line 10 of the BOM
A20: Emergency Stop | B20: SW1, 22 mm latching NC — line 9 of the BOM
